State,State Name,NAICS,NAICS Description,Enterprise Size,Establishments 2018,Establishments 2019,Establishments 2020,Establishments 2021,Employment 2018,Employment 2019,Employment 2020,Employment 2021,2018-2019 Establishments percent change,2019-2020 Establishments percent change,2018-2019 Employment percent change,2019-2020 Employment percent change,2018 population,2019 population,2020 population,,2020 population w 2020 base,2021 population with 2020 base,,2018 employment/population,2019 employment/population,2020 employment/population,,2020 employment/population w 2020 base,2021 employment/population w 2020 base,2018-2019 employment/population percent change,2019-2020 employment/population percent change,2020-2021 employment/population percent change
00,United States,453910,Pet and Pet Supplies Stores,01: Total,"10,109","10,085","9,960","9,684","119,535","121,978","125,078","115,234",-0.002374122069,-0.01239464551,0.02002820181,0.02478453445,"326,838,199","328,329,953","329,484,123",,"331,511,512","332,031,554",,0.0003657314242,0.0003715104238,0.0003796176849,,0.0003772960982,0.0003470573764,0.01580121169,0.02182243238,-0.08014586428
01,Alabama,453910,Pet and Pet Supplies Stores,01: Total,95,96,95,97,"1,268","1,277","1,344","1,206",0.01052631579,-0.01041666667,0.007047768207,0.04985119048,"4,891,628","4,907,965","4,921,532",,"5,031,362","5,049,846",,0.0002592184034,0.0002601893045,0.0002730856977,,0.0002671244884,0.000238819164,0.003745494741,0.04956542391,-0.1059630457
02,Alaska,453910,Pet and Pet Supplies Stores,01: Total,19,18,20,21,273,287,290,292,-0.05263157895,0.1111111111,0.0487804878,0.01034482759,"736,624","733,603","731,158",,"732,923","734,182",,0.0003706097005,0.0003912197742,0.0003966310975,,0.0003956759441,0.0003977215459,0.05561126351,0.01383192695,0.005169891634
04,Arizona,453910,Pet and Pet Supplies Stores,01: Total,197,204,201,205,"3,274","3,360","3,096","2,890",0.03553299492,-0.01470588235,0.0255952381,-0.08527131783,"7,164,228","7,291,843","7,421,401",,"7,179,943","7,264,877",,0.0004569927144,0.0004607888568,0.000417171906,,0.0004312011948,0.000397804395,0.008306789871,-0.0946571303,-0.07745061967
05,Arkansas,453910,Pet and Pet Supplies Stores,01: Total,53,53,53,55,504,526,609,588,0,0,0.04182509506,0.1362889984,"3,012,161","3,020,985","3,030,522",,"3,014,195","3,028,122",,0.0001673217335,0.0001741153961,0.000200955479,,0.0002020439952,0.0001941797589,0.04060239235,0.1541511171,-0.03892338506
06,California,453910,Pet and Pet Supplies Stores,01: Total,"1,223","1,195","1,196","1,163","15,173","15,186","15,527","14,433",-0.02289452167,0.0008368200837,0.0008560516265,0.02196174406,"39,437,463","39,437,610","39,368,078",,"39,501,653","39,142,991",,0.0003847357017,0.0003850639022,0.0003944058432,,0.0003930721583,0.0003687250164,0.0008530544788,0.02426075511,-0.06194064199
08,Colorado,453910,Pet and Pet Supplies Stores,01: Total,260,247,264,276,"3,090","3,131","3,267","3,060",-0.05,0.06882591093,0.01309485787,0.04162840526,"5,697,155","5,758,486","5,807,719",,"5,784,865","5,811,297",,0.0005423759754,0.000543719304,0.0005625272159,,0.0005647495663,0.000526560594,0.002476748015,0.03459121609,-0.06762107426
09,Connecticut,453910,Pet and Pet Supplies Stores,01: Total,166,160,154,126,"1,761","1,804","1,797","1,420",-0.03614457831,-0.0375,0.02383592018,-0.003895381191,"3,574,561","3,566,022","3,557,006",,"3,597,362","3,623,355",,0.0004926479084,0.0005058858302,0.0005052001599,,0.0004995327131,0.0003919019803,0.02687095917,-0.001355385454,-0.2154628315
10,Delaware,453910,Pet and Pet Supplies Stores,01: Total,55,58,58,50,509,513,528,483,0.05454545455,0,0.007797270955,0.02840909091,"966,985","976,668","986,809",,"992,114","1,004,807",,0.0005263783823,0.0005252552556,0.0005350579494,,0.0005321969048,0.0004806893264,-0.002133686916,0.01866272385,-0.09678293489
11,District of Columbia,453910,Pet and Pet Supplies Stores,01: Total,17,13,13,13,142,121,122,101,-0.2352941176,0,-0.173553719,0.008196721311,"704,147","708,253","712,816",,"670,868","668,791",,0.000201662437,0.000170842905,0.0001711521627,,0.0001818539564,0.0001510187787,-0.1528273308,0.001810187452,-0.1695601147
12,Florida,453910,Pet and Pet Supplies Stores,01: Total,866,861,864,881,"8,389","9,136","8,837","8,367",-0.005773672055,0.003484320557,0.08176444834,-0.03383501188,"21,254,926","21,492,056","21,733,312",,"21,589,602","21,828,069",,0.000394684978,0.0004250872974,0.0004066108286,,0.0004093174112,0.0003833137966,0.07702932998,-0.04346511625,-0.06352921706
13,Georgia,453910,Pet and Pet Supplies Stores,01: Total,246,262,267,261,"3,408","3,278","3,299","3,024",0.06504065041,0.01908396947,-0.03965832825,0.006365565323,"10,519,389","10,628,020","10,710,017",,"10,729,828","10,788,029",,0.0003239731889,0.0003084299804,0.0003080293897,,0.0003074606601,0.0002803107037,-0.04797683603,-0.001298805938,-0.08830383852
15,Hawaii,453910,Pet and Pet Supplies Stores,01: Total,37,37,40,39,407,408,401,384,0,0.08108108108,0.002450980392,-0.0174563591,"1,423,102","1,415,615","1,407,006",,"1,451,043","1,447,154",,0.0002859949603,0.0002882139565,0.0002850023383,,0.0002763529406,0.0002653484011,0.0077588646,-0.0111431737,-0.03982059867
16,Idaho,453910,Pet and Pet Supplies Stores,01: Total,46,45,48,47,513,522,581,567,-0.02173913043,0.06666666667,0.01724137931,0.1015490534,"1,752,074","1,789,060","1,826,913",,"1,849,202","1,904,314",,0.0002927958522,0.0002917733335,0.0003180228068,,0.0003141895802,0.0002977450147,-0.003492258308,0.08996529252,-0.05233962694
17,Illinois,453910,Pet and Pet Supplies Stores,01: Total,372,363,354,367,"5,108","4,918","5,146","5,136",-0.02419354839,-0.02479338843,-0.03863359089,0.04430625729,"12,724,685","12,667,017","12,587,530",,"12,786,580","12,686,469",,0.0004014244753,0.0003882524197,0.0004088172978,,0.000402453197,0.0004048407796,-0.03281328494,0.0529678041,0.005932571956
18,Indiana,453910,Pet and Pet Supplies Stores,01: Total,187,184,183,183,"2,586","2,664","2,722","2,595",-0.01604278075,-0.005434782609,0.02927927928,0.02130786187,"6,698,481","6,731,010","6,754,953",,"6,788,799","6,813,532",,0.0003860576749,0.0003957801281,0.0004029635735,,0.0004009545724,0.0003808597362,0.02518393976,0.01815009128,-0.05011748856
19,Iowa,453910,Pet and Pet Supplies Stores,01: Total,73,74,72,78,837,866,912,861,0.01369863014,-0.02702702703,0.03348729792,0.05043859649,"3,149,900","3,159,596","3,163,561",,"3,190,571","3,197,689",,0.0002657227214,0.0002740856742,0.0002882827295,,0.0002858422521,0.000269256954,0.03147247945,0.05179787411,-0.05802255592
20,Kansas,453910,Pet and Pet Supplies Stores,01: Total,89,87,80,86,"1,113","1,135","1,133","1,140",-0.02247191011,-0.08045977011,0.01938325991,-0.001765225066,"2,912,748","2,912,635","2,913,805",,"2,937,919","2,937,922",,0.0003821133857,0.0003896815083,0.0003888386491,,0.0003856471196,0.0003880293622,0.01980596048,-0.002162943806,0.006177260293
21,Kentucky,453910,Pet and Pet Supplies Stores,01: Total,112,106,105,105,"1,186","1,216","1,241","1,144",-0.05357142857,-0.009433962264,0.02467105263,0.02014504432,"4,464,273","4,472,345","4,477,251",,"4,507,445","4,506,589",,0.0002656647566,0.0002718931567,0.0002771790101,,0.0002753222724,0.0002538505286,0.02344458553,0.01944092087,-0.07798767441
22,Louisiana,453910,Pet and Pet Supplies Stores,01: Total,83,80,78,78,922,901,953,868,-0.03614457831,-0.025,-0.02330743618,0.05456453305,"4,664,450","4,658,285","4,645,318",,"4,651,664","4,627,098",,0.0001976653196,0.0001934188226,0.0002051528012,,0.0002048729229,0.0001875905805,-0.02148326785,0.0606661669,-0.08435640063
23,Maine,453910,Pet and Pet Supplies Stores,01: Total,49,48,51,58,401,404,406,472,-0.02040816327,0.0625,0.007425742574,0.004926108374,"1,340,123","1,345,770","1,350,141",,"1,363,557","1,377,238",,0.0002992262651,0.0003001998856,0.0003007093333,,0.0002977506624,0.000342714912,0.003253793631,0.001697028475,0.1510130968
24,Maryland,453910,Pet and Pet Supplies Stores,01: Total,187,189,186,146,"2,381","2,573","2,631","2,039",0.01069518717,-0.01587301587,0.0746210649,0.02204484987,"6,042,153","6,054,954","6,055,802",,"6,173,205","6,174,610",,0.0003940648309,0.000424941296,0.0004344593829,,0.0004261967649,0.0003302232854,0.07835377004,0.02239859248,-0.2251858471
25,Massachusetts,453910,Pet and Pet Supplies Stores,01: Total,232,236,225,216,"2,730","2,749","2,880","2,650",0.01724137931,-0.04661016949,0.00691160422,0.04548611111,"6,885,720","6,894,883","6,893,574",,"6,995,729","6,989,690",,0.0003964727,0.0003987014718,0.000417780385,,0.0004116797549,0.0003791298327,0.005621501251,0.04785262806,-0.07906612324
26,Michigan,453910,Pet and Pet Supplies Stores,01: Total,300,303,298,291,"3,761","3,855","4,029","3,665",0.01,-0.01650165017,0.02438391699,0.04318689501,"9,987,286","9,984,795","9,966,555",,"10,069,577","10,037,504",,0.0003765787823,0.0003860870454,0.0004042520209,,0.0004001161121,0.0003651306141,0.02524906749,0.04704891229,-0.08743836332
27,Minnesota,453910,Pet and Pet Supplies Stores,01: Total,156,158,157,159,"1,964","2,086","2,179","2,066",0.01282051282,-0.006329113924,0.05848513902,0.0426801285,"5,608,762","5,640,053","5,657,342",,"5,709,852","5,711,471",,0.0003501664004,0.0003698546804,0.0003851632092,,0.0003816210998,0.0003617281783,0.05622549755,0.04139065833,-0.05212741529
28,Mississippi,453910,Pet and Pet Supplies Stores,01: Total,44,45,43,44,486,507,505,480,0.02272727273,-0.04444444444,0.04142011834,-0.00396039604,"2,982,879","2,978,227","2,966,786",,"2,958,141","2,949,586",,0.0001629298406,0.0001702355126,0.0001702178721,,0.0001707153243,0.0001627347024,0.04483937367,-0.000103623915,-0.04674812796
29,Missouri,453910,Pet and Pet Supplies Stores,01: Total,176,190,182,172,"2,254","2,326","2,472","2,252",0.07954545455,-0.04210526316,0.0309544282,0.05906148867,"6,125,986","6,140,475","6,151,548",,"6,153,998","6,169,823",,0.000367940769,0.0003787980572,0.0004018500709,,0.0004016900883,0.0003650023672,0.02950824976,0.06085568107,-0.09133339905
30,Montana,453910,Pet and Pet Supplies Stores,01: Total,30,30,32,34,355,393,399,350,0,0.06666666667,0.09669211196,0.01503759398,"1,061,818","1,070,123","1,080,577",,"1,087,075","1,106,227",,0.000334332249,0.0003672475033,0.0003692471707,,0.0003670399926,0.0003163907589,0.09845073094,0.005445012919,-0.137993774
31,Nebraska,453910,Pet and Pet Supplies Stores,01: Total,48,48,47,45,598,576,627,578,0,-0.02083333333,-0.03819444444,0.08133971292,"1,925,512","1,932,571","1,937,552",,"1,962,642","1,963,554",,0.000310566748,0.0002980485581,0.0003236042181,,0.0003194673303,0.0002943641988,-0.04030756651,0.08574327672,-0.07857808636
32,Nevada,453910,Pet and Pet Supplies Stores,01: Total,96,92,94,95,"1,246","1,300","1,313","1,306",-0.04166666667,0.02173913043,0.04153846154,0.009900990099,"3,030,725","3,090,771","3,138,259",,"3,115,648","3,146,402",,0.0004111227512,0.0004206070265,0.0004183848433,,0.0004214211618,0.0004150772851,0.02306920585,-0.005283276492,-0.01505353147
33,New Hampshire,453910,Pet and Pet Supplies Stores,01: Total,73,72,73,75,"1,019","1,056","1,077",891,-0.01369863014,0.01388888889,0.03503787879,0.01949860724,"1,355,064","1,360,783","1,366,275",,"1,378,587","1,387,505",,0.0007519940018,0.0007760238039,0.0007882746885,,0.000781234699,0.0006421598481,0.03195477906,0.01578673808,-0.1780192958
34,New Jersey,453910,Pet and Pet Supplies Stores,01: Total,328,325,308,256,"3,911","3,994","3,981","3,273",-0.009146341463,-0.05230769231,0.02078117176,-0.003265511178,"8,891,730","8,891,258","8,882,371",,"9,271,689","9,267,961",,0.0004398469139,0.0004492052756,0.0004481911418,,0.0004293716064,0.0003531521119,0.02127640626,-0.002257617757,-0.177514054
35,New Mexico,453910,Pet and Pet Supplies Stores,01: Total,62,59,62,65,741,725,774,732,-0.04838709677,0.05084745763,-0.02206896552,0.06330749354,"2,093,754","2,099,634","2,106,319",,"2,118,390","2,116,677",,0.0003539097716,0.0003452982758,0.0003674657068,,0.0003653718154,0.0003458250834,-0.02433246135,0.06419791966,-0.05349819332
36,New York,453910,Pet and Pet Supplies Stores,01: Total,711,691,594,563,"6,432","6,466","6,310","5,751",-0.02812939522,-0.1403762663,0.005258274049,-0.02472266244,"19,544,098","19,463,131","19,336,776",,"20,108,296","19,857,492",,0.000329101911,0.0003322178739,0.0003263212027,,0.0003138008313,0.0002896136128,0.009468079073,-0.0177494099,-0.07707824841
37,North Carolina,453910,Pet and Pet Supplies Stores,01: Total,293,307,307,309,"3,515","3,604","3,880","3,608",0.04778156997,0,0.02469478357,0.07113402062,"10,391,358","10,501,384","10,600,823",,"10,449,445","10,565,885",,0.0003382618518,0.0003431928592,0.0003660093183,,0.0003713115864,0.0003414763647,0.01457748577,0.06648290771,-0.0803509041
38,North Dakota,453910,Pet and Pet Supplies Stores,01: Total,21,22,21,20,240,244,250,235,0.04761904762,-0.04545454545,0.01639344262,0.024,"760,062","763,724","765,309",,"779,518","777,934",,0.000315763714,0.0003194871446,0.0003266654384,,0.0003207110035,0.0003020821818,0.01179182532,0.02246817738,-0.0580860073
39,Ohio,453910,Pet and Pet Supplies Stores,01: Total,397,394,392,329,"4,677","4,669","4,853","4,164",-0.007556675063,-0.005076142132,-0.001713429,0.03791469194,"11,680,892","11,696,507","11,693,217",,"11,797,517","11,764,342",,0.0004003975039,0.0003991790028,0.000415026934,,0.0004113577459,0.0003539509477,-0.003043228593,0.03970131476,-0.1395544359
40,Oklahoma,453910,Pet and Pet Supplies Stores,01: Total,83,86,86,87,926,988,"1,062","1,017",0.03614457831,0,0.06275303644,0.06967984934,"3,943,488","3,960,676","3,980,783",,"3,964,912","3,991,225",,0.0002348175017,0.0002494523662,0.0002667816859,,0.0002678495765,0.0002548089872,0.06232441979,0.06946945409,-0.04868624188
41,Oregon,453910,Pet and Pet Supplies Stores,01: Total,196,197,197,207,"1,950","1,996","2,094","2,089",0.005102040816,0,0.02304609218,0.04680038204,"4,183,538","4,216,116","4,241,507",,"4,244,795","4,256,301",,0.0004661126539,0.0004734215093,0.0004936924541,,0.0004933100421,0.0004908017549,0.01568044824,0.04281796338,-0.005084606013
42,Pennsylvania,453910,Pet and Pet Supplies Stores,01: Total,468,448,458,374,"5,324","5,716","5,736","4,731",-0.04273504274,0.02232142857,0.06857942617,0.003486750349,"12,809,107","12,798,883","12,783,254",,"12,994,440","13,012,059",,0.0004156417774,0.000446601473,0.0004487120416,,0.000441419561,0.0003635858091,0.07448648637,0.004725843334,-0.1763260144
44,Rhode Island,453910,Pet and Pet Supplies Stores,01: Total,46,46,48,37,430,442,430,401,0,0.04347826087,0.02714932127,-0.02790697674,"1,059,338","1,058,158","1,057,125",,"1,096,345","1,096,985",,0.0004059138821,0.0004177069965,0.0004067636278,,0.0003922123054,0.0003655473867,0.02905324246,-0.02619867234,-0.06798593099
45,South Carolina,453910,Pet and Pet Supplies Stores,01: Total,142,152,140,147,"1,529","1,638","1,715","1,594",0.07042253521,-0.07894736842,0.06654456654,0.04489795918,"5,091,702","5,157,702","5,218,040",,"5,131,848","5,193,266",,0.0003002925152,0.0003175832958,0.000328667469,,0.0003341876065,0.0003069359436,0.05757979233,0.03490162531,-0.08154600104
46,South Dakota,453910,Pet and Pet Supplies Stores,01: Total,21,19,19,22,193,194,199,173,-0.09523809524,0,0.005154639175,0.02512562814,"879,386","887,127","892,717",,"887,799","896,164",,0.0002194713129,0.0002186834579,0.0002229149887,,0.0002241498357,0.000193045023,-0.003589785741,0.01935002687,-0.1387679478
47,Tennessee,453910,Pet and Pet Supplies Stores,01: Total,164,159,157,166,"1,961","1,897","1,996","1,897",-0.03048780488,-0.01257861635,-0.03373748023,0.0495991984,"6,778,180","6,830,325","6,886,834",,"6,925,619","6,968,351",,0.0002893106999,0.0002777320259,0.0002898283885,,0.0002882052853,0.0002722308334,-0.04002158924,0.04355407886,-0.05542733866
48,Texas,453910,Pet and Pet Supplies Stores,01: Total,694,715,726,734,"9,338","9,326","10,079","9,678",0.03025936599,0.01538461538,-0.001286725284,0.07470979264,"28,624,564","28,986,794","29,360,759",,"29,232,474","29,558,864",,0.0003262233095,0.0003217327173,0.0003432813164,,0.0003447877864,0.0003274144771,-0.01376539325,0.06697671054,-0.05038841266
49,Utah,453910,Pet and Pet Supplies Stores,01: Total,74,77,77,81,911,953,"1,035","1,023",0.04054054054,0,0.04407135362,0.07922705314,"3,155,153","3,203,383","3,249,879",,"3,283,785","3,339,113",,0.000288734017,0.0002974979888,0.0003184733955,,0.0003151850684,0.0003063687872,0.03035309769,0.07050604513,-0.02797176063
50,Vermont,453910,Pet and Pet Supplies Stores,01: Total,21,20,22,23,178,177,167,145,-0.04761904762,0.1,-0.005649717514,-0.05988023952,"624,802","624,046","623,347",,"642,893","646,972",,0.0002848902532,0.0002836329373,0.0002679085646,,0.0002597632888,0.0002241209821,-0.004413334266,-0.05543916335,-0.1372107155
51,Virginia,453910,Pet and Pet Supplies Stores,01: Total,272,265,262,243,"3,532","3,580","3,681","3,222",-0.02573529412,-0.01132075472,0.01340782123,0.02743819614,"8,510,920","8,556,642","8,590,563",,"8,636,471","8,657,365",,0.0004149962636,0.0004183884285,0.0004284934526,,0.0004262157541,0.0003721686679,0.008173964969,0.02415225519,-0.126806871
53,Washington,453910,Pet and Pet Supplies Stores,01: Total,302,320,322,328,"3,325","3,475","3,635","3,671",0.05960264901,0.00625,0.04316546763,0.04401650619,"7,526,793","7,614,024","7,693,612",,"7,724,031","7,740,745",,0.000441755207,0.0004563946738,0.000472469888,,0.0004706091936,0.0004742437582,0.03313931916,0.03522217743,0.007723105867
54,West Virginia,453910,Pet and Pet Supplies Stores,01: Total,25,25,24,22,317,310,307,279,0,-0.04,-0.02258064516,-0.009771986971,"1,805,953","1,795,263","1,784,787",,"1,791,420","1,785,526",,0.0001755305924,0.0001726766496,0.000172009321,,0.0001713724308,0.0001562564757,-0.01625894831,-0.003864614043,-0.08820529098
55,Wisconsin,453910,Pet and Pet Supplies Stores,01: Total,182,184,184,184,"2,276","2,331","2,387","2,076",0.01098901099,0,0.0235950236,0.02346041056,"5,809,319","5,824,581","5,832,655",,"5,896,271","5,880,101",,0.0003917843038,0.0004002004608,0.0004092475896,,0.0004048321388,0.0003530551601,0.02148160833,0.0226064929,-0.1278974018
56,Wyoming,453910,Pet and Pet Supplies Stores,01: Total,20,20,21,21,171,179,184,167,0,0.05,0.04469273743,0.02717391304,"579,054","580,116","582,328",,"577,605","579,483",,0.0002953092458,0.0003085589779,0.0003159731285,,0.0003185567992,0.0002881879192,0.04486731208,0.02402830972,-0.09533270061
,,,,,,,,"9,684",,,,"115,234",,,,,,,,,,,,,,,,,,,,
,,,,,,,,97,,,,"1,206",,,,,,,,,,,,,,,,,,,,
,,,,,,,,21,,,,292,,,,,,,,,,,,,,,,,,,,
,,,,,,,,205,,,,"2,890",,,,,,,,,,,,,,,,,,,,
,,,,,,,,55,,,,588,,,,,,,,,,,,,,,,,,,,
,,,,,,,,"1,163",,,,"14,433",,,,,,,,,,,,,,,,,,,,
,,,,,,,,276,,,,"3,060",,,,,,,,,,,,,,,,,,,,
,,,,,,,,126,,,,"1,420",,,,,,,,,,,,,,,,,,,,
,,,,,,,,50,,,,483,,,,,,,,,,,,,,,,,,,,
,,,,,,,,13,,,,101,,,,,,,,,,,,,,,,,,,,
,,,,,,,,881,,,,"8,367",,,,,,,,,,,,,,,,,,,,
,,,,,,,,261,,,,"3,024",,,,,,,,,,,,,,,,,,,,
,,,,,,,,39,,,,384,,,,,,,,,,,,,,,,,,,,
,,,,,,,,47,,,,567,,,,,,,,,,,,,,,,,,,,
,,,,,,,,367,,,,"5,136",,,,,,,,,,,,,,,,,,,,
,,,,,,,,183,,,,"2,595",,,,,,,,,,,,,,,,,,,,
,,,,,,,,78,,,,861,,,,,,,,,,,,,,,,,,,,
,,,,,,,,86,,,,"1,140",,,,,,,,,,,,,,,,,,,,
,,,,,,,,105,,,,"1,144",,,,,,,,,,,,,,,,,,,,
,,,,,,,,78,,,,868,,,,,,,,,,,,,,,,,,,,
,,,,,,,,58,,,,472,,,,,,,,,,,,,,,,,,,,
,,,,,,,,146,,,,"2,039",,,,,,,,,,,,,,,,,,,,
,,,,,,,,216,,,,"2,650",,,,,,,,,,,,,,,,,,,,
,,,,,,,,291,,,,"3,665",,,,,,,,,,,,,,,,,,,,
,,,,,,,,159,,,,"2,066",,,,,,,,,,,,,,,,,,,,
,,,,,,,,44,,,,480,,,,,,,,,,,,,,,,,,,,
,,,,,,,,172,,,,"2,252",,,,,,,,,,,,,,,,,,,,
,,,,,,,,34,,,,350,,,,,,,,,,,,,,,,,,,,
,,,,,,,,45,,,,578,,,,,,,,,,,,,,,,,,,,
,,,,,,,,95,,,,"1,306",,,,,,,,,,,,,,,,,,,,
,,,,,,,,75,,,,891,,,,,,,,,,,,,,,,,,,,
,,,,,,,,256,,,,"3,273",,,,,,,,,,,,,,,,,,,,
,,,,,,,,65,,,,732,,,,,,,,,,,,,,,,,,,,
,,,,,,,,563,,,,"5,751",,,,,,,,,,,,,,,,,,,,
,,,,,,,,309,,,,"3,608",,,,,,,,,,,,,,,,,,,,
,,,,,,,,20,,,,235,,,,,,,,,,,,,,,,,,,,
,,,,,,,,329,,,,"4,164",,,,,,,,,,,,,,,,,,,,
,,,,,,,,87,,,,"1,017",,,,,,,,,,,,,,,,,,,,
,,,,,,,,207,,,,"2,089",,,,,,,,,,,,,,,,,,,,
,,,,,,,,374,,,,"4,731",,,,,,,,,,,,,,,,,,,,
,,,,,,,,37,,,,401,,,,,,,,,,,,,,,,,,,,
,,,,,,,,147,,,,"1,594",,,,,,,,,,,,,,,,,,,,
,,,,,,,,22,,,,173,,,,,,,,,,,,,,,,,,,,
,,,,,,,,166,,,,"1,897",,,,,,,,,,,,,,,,,,,,
,,,,,,,,734,,,,"9,678",,,,,,,,,,,,,,,,,,,,
,,,,,,,,81,,,,"1,023",,,,,,,,,,,,,,,,,,,,
,,,,,,,,23,,,,145,,,,,,,,,,,,,,,,,,,,
,,,,,,,,243,,,,"3,222",,,,,,,,,,,,,,,,,,,,
,,,,,,,,328,,,,"3,671",,,,,,,,,,,,,,,,,,,,
,,,,,,,,22,,,,279,,,,,,,,,,,,,,,,,,,,
,,,,,,,,184,,,,"2,076",,,,,,,,,,,,,,,,,,,,
,,,,,,,,21,,,,167,,,,,,,,,,,,,,,,,,,,
,,,,,,,,,,,,Employment,,,,,,,,,,,,,,,,,,,,
,,,,,,,,,,,,"115,234",,,,,,,,,,,,,,,,,,,,
,,,,,,,,,,,,"1,206",,,,,,,,,,,,,,,,,,,,
,,,,,,,,,,,,292,,,,,,,,,,,,,,,,,,,,
,,,,,,,,,,,,"2,890",,,,,,,,,,,,,,,,,,,,
,,,,,,,,,,,,588,,,,,,,,,,,,,,,,,,,,
,,,,,,,,,,,,"14,433",,,,,,,,,,,,,,,,,,,,
,,,,,,,,,,,,"3,060",,,,,,,,,,,,,,,,,,,,
,,,,,,,,,,,,"1,420",,,,,,,,,,,,,,,,,,,,
,,,,,,,,,,,,483,,,,,,,,,,,,,,,,,,,,
,,,,,,,,,,,,101,,,,,,,,,,,,,,,,,,,,
,,,,,,,,,,,,"8,367",,,,,,,,,,,,,,,,,,,,
,,,,,,,,,,,,"3,024",,,,,,,,,,,,,,,,,,,,
,,,,,,,,,,,,384,,,,,,,,,,,,,,,,,,,,
,,,,,,,,,,,,567,,,,,,,,,,,,,,,,,,,,
,,,,,,,,,,,,"5,136",,,,,,,,,,,,,,,,,,,,
,,,,,,,,,,,,"2,595",,,,,,,,,,,,,,,,,,,,
,,,,,,,,,,,,861,,,,,,,,,,,,,,,,,,,,
,,,,,,,,,,,,"1,140",,,,,,,,,,,,,,,,,,,,
,,,,,,,,,,,,"1,144",,,,,,,,,,,,,,,,,,,,
,,,,,,,,,,,,868,,,,,,,,,,,,,,,,,,,,
,,,,,,,,,,,,472,,,,,,,,,,,,,,,,,,,,
,,,,,,,,,,,,"2,039",,,,,,,,,,,,,,,,,,,,
,,,,,,,,,,,,"2,650",,,,,,,,,,,,,,,,,,,,
,,,,,,,,,,,,"3,665",,,,,,,,,,,,,,,,,,,,
,,,,,,,,,,,,"2,066",,,,,,,,,,,,,,,,,,,,
,,,,,,,,,,,,480,,,,,,,,,,,,,,,,,,,,
,,,,,,,,,,,,"2,252",,,,,,,,,,,,,,,,,,,,
,,,,,,,,,,,,350,,,,,,,,,,,,,,,,,,,,
,,,,,,,,,,,,578,,,,,,,,,,,,,,,,,,,,
,,,,,,,,,,,,"1,306",,,,,,,,,,,,,,,,,,,,
,,,,,,,,,,,,891,,,,,,,,,,,,,,,,,,,,
,,,,,,,,,,,,"3,273",,,,,,,,,,,,,,,,,,,,
,,,,,,,,,,,,732,,,,,,,,,,,,,,,,,,,,
,,,,,,,,,,,,"5,751",,,,,,,,,,,,,,,,,,,,
,,,,,,,,,,,,"3,608",,,,,,,,,,,,,,,,,,,,
,,,,,,,,,,,,235,,,,,,,,,,,,,,,,,,,,
,,,,,,,,,,,,"4,164",,,,,,,,,,,,,,,,,,,,
,,,,,,,,,,,,"1,017",,,,,,,,,,,,,,,,,,,,
,,,,,,,,,,,,"2,089",,,,,,,,,,,,,,,,,,,,
,,,,,,,,,,,,"4,731",,,,,,,,,,,,,,,,,,,,
,,,,,,,,,,,,401,,,,,,,,,,,,,,,,,,,,
,,,,,,,,,,,,"1,594",,,,,,,,,,,,,,,,,,,,
,,,,,,,,,,,,173,,,,,,,,,,,,,,,,,,,,
,,,,,,,,,,,,"1,897",,,,,,,,,,,,,,,,,,,,
,,,,,,,,,,,,"9,678",,,,,,,,,,,,,,,,,,,,
,,,,,,,,,,,,"1,023",,,,,,,,,,,,,,,,,,,,
,,,,,,,,,,,,145,,,,,,,,,,,,,,,,,,,,
,,,,,,,,,,,,"3,222",,,,,,,,,,,,,,,,,,,,
,,,,,,,,,,,,"3,671",,,,,,,,,,,,,,,,,,,,
,,,,,,,,,,,,279,,,,,,,,,,,,,,,,,,,,
,,,,,,,,,,,,"2,076",,,,,,,,,,,,,,,,,,,,
,,,,,,,,,,,,167,,,,,,,,,,,,,,,,,,,,
,,,,,,,,,,,,"115,234",,,,,,,,,,,,,,,,,,,,
,,,,,,,,,,,,"1,206",,,,,,,,,,,,,,,,,,,,
,,,,,,,,,,,,292,,,,,,,,,,,,,,,,,,,,
,,,,,,,,,,,,"2,890",,,,,,,,,,,,,,,,,,,,
,,,,,,,,,,,,588,,,,,,,,,,,,,,,,,,,,
,,,,,,,,,,,,"14,433",,,,,,,,,,,,,,,,,,,,
,,,,,,,,,,,,"3,060",,,,,,,,,,,,,,,,,,,,
,,,,,,,,,,,,"1,420",,,,,,,,,,,,,,,,,,,,
,,,,,,,,,,,,483,,,,,,,,,,,,,,,,,,,,
,,,,,,,,,,,,101,,,,,,,,,,,,,,,,,,,,
,,,,,,,,,,,,"8,367",,,,,,,,,,,,,,,,,,,,
,,,,,,,,,,,,"3,024",,,,,,,,,,,,,,,,,,,,
,,,,,,,,,,,,384,,,,,,,,,,,,,,,,,,,,
,,,,,,,,,,,,567,,,,,,,,,,,,,,,,,,,,
,,,,,,,,,,,,"5,136",,,,,,,,,,,,,,,,,,,,
,,,,,,,,,,,,"2,595",,,,,,,,,,,,,,,,,,,,
,,,,,,,,,,,,861,,,,,,,,,,,,,,,,,,,,
,,,,,,,,,,,,"1,140",,,,,,,,,,,,,,,,,,,,
,,,,,,,,,,,,"1,144",,,,,,,,,,,,,,,,,,,,
,,,,,,,,,,,,868,,,,,,,,,,,,,,,,,,,,
,,,,,,,,,,,,472,,,,,,,,,,,,,,,,,,,,
,,,,,,,,,,,,"2,039",,,,,,,,,,,,,,,,,,,,
,,,,,,,,,,,,"2,650",,,,,,,,,,,,,,,,,,,,
,,,,,,,,,,,,"3,665",,,,,,,,,,,,,,,,,,,,
,,,,,,,,,,,,"2,066",,,,,,,,,,,,,,,,,,,,
,,,,,,,,,,,,480,,,,,,,,,,,,,,,,,,,,
,,,,,,,,,,,,"2,252",,,,,,,,,,,,,,,,,,,,
,,,,,,,,,,,,350,,,,,,,,,,,,,,,,,,,,
,,,,,,,,,,,,578,,,,,,,,,,,,,,,,,,,,
,,,,,,,,,,,,"1,306",,,,,,,,,,,,,,,,,,,,
,,,,,,,,,,,,891,,,,,,,,,,,,,,,,,,,,
,,,,,,,,,,,,"3,273",,,,,,,,,,,,,,,,,,,,
,,,,,,,,,,,,732,,,,,,,,,,,,,,,,,,,,
,,,,,,,,,,,,"5,751",,,,,,,,,,,,,,,,,,,,
,,,,,,,,,,,,"3,608",,,,,,,,,,,,,,,,,,,,
,,,,,,,,,,,,235,,,,,,,,,,,,,,,,,,,,
,,,,,,,,,,,,"4,164",,,,,,,,,,,,,,,,,,,,
,,,,,,,,,,,,"1,017",,,,,,,,,,,,,,,,,,,,
,,,,,,,,,,,,"2,089",,,,,,,,,,,,,,,,,,,,
,,,,,,,,,,,,"4,731",,,,,,,,,,,,,,,,,,,,
,,,,,,,,,,,,401,,,,,,,,,,,,,,,,,,,,
,,,,,,,,,,,,"1,594",,,,,,,,,,,,,,,,,,,,
,,,,,,,,,,,,173,,,,,,,,,,,,,,,,,,,,
,,,,,,,,,,,,"1,897",,,,,,,,,,,,,,,,,,,,
,,,,,,,,,,,,"9,678",,,,,,,,,,,,,,,,,,,,
,,,,,,,,,,,,"1,023",,,,,,,,,,,,,,,,,,,,
,,,,,,,,,,,,145,,,,,,,,,,,,,,,,,,,,
,,,,,,,,,,,,"3,222",,,,,,,,,,,,,,,,,,,,
,,,,,,,,,,,,"3,671",,,,,,,,,,,,,,,,,,,,
,,,,,,,,,,,,279,,,,,,,,,,,,,,,,,,,,
,,,,,,,,,,,,"2,076",,,,,,,,,,,,,,,,,,,,
,,,,,,,,,,,,167,,,,,,,,,,,,,,,,,,,,
,,,,,,,,,,,,Employment,,,,,,,,,,,,,,,,,,,,
,,,,,,,,,,,,"115,234",,,,,,,,,,,,,,,,,,,,
,,,,,,,,,,,,"1,206",,,,,,,,,,,,,,,,,,,,
,,,,,,,,,,,,292,,,,,,,,,,,,,,,,,,,,
,,,,,,,,,,,,"2,890",,,,,,,,,,,,,,,,,,,,
,,,,,,,,,,,,588,,,,,,,,,,,,,,,,,,,,
,,,,,,,,,,,,"14,433",,,,,,,,,,,,,,,,,,,,
,,,,,,,,,,,,"3,060",,,,,,,,,,,,,,,,,,,,
,,,,,,,,,,,,"1,420",,,,,,,,,,,,,,,,,,,,
,,,,,,,,,,,,483,,,,,,,,,,,,,,,,,,,,
,,,,,,,,,,,,101,,,,,,,,,,,,,,,,,,,,
,,,,,,,,,,,,"8,367",,,,,,,,,,,,,,,,,,,,
,,,,,,,,,,,,"3,024",,,,,,,,,,,,,,,,,,,,
,,,,,,,,,,,,384,,,,,,,,,,,,,,,,,,,,
,,,,,,,,,,,,567,,,,,,,,,,,,,,,,,,,,
,,,,,,,,,,,,"5,136",,,,,,,,,,,,,,,,,,,,
,,,,,,,,,,,,"2,595",,,,,,,,,,,,,,,,,,,,
,,,,,,,,,,,,861,,,,,,,,,,,,,,,,,,,,
,,,,,,,,,,,,"1,140",,,,,,,,,,,,,,,,,,,,
,,,,,,,,,,,,"1,144",,,,,,,,,,,,,,,,,,,,
,,,,,,,,,,,,868,,,,,,,,,,,,,,,,,,,,
,,,,,,,,,,,,472,,,,,,,,,,,,,,,,,,,,
,,,,,,,,,,,,"2,039",,,,,,,,,,,,,,,,,,,,
,,,,,,,,,,,,"2,650",,,,,,,,,,,,,,,,,,,,
,,,,,,,,,,,,"3,665",,,,,,,,,,,,,,,,,,,,
,,,,,,,,,,,,"2,066",,,,,,,,,,,,,,,,,,,,
,,,,,,,,,,,,480,,,,,,,,,,,,,,,,,,,,
,,,,,,,,,,,,"2,252",,,,,,,,,,,,,,,,,,,,
,,,,,,,,,,,,350,,,,,,,,,,,,,,,,,,,,
,,,,,,,,,,,,578,,,,,,,,,,,,,,,,,,,,
,,,,,,,,,,,,"1,306",,,,,,,,,,,,,,,,,,,,
,,,,,,,,,,,,891,,,,,,,,,,,,,,,,,,,,
,,,,,,,,,,,,"3,273",,,,,,,,,,,,,,,,,,,,
,,,,,,,,,,,,732,,,,,,,,,,,,,,,,,,,,
,,,,,,,,,,,,"5,751",,,,,,,,,,,,,,,,,,,,
,,,,,,,,,,,,"3,608",,,,,,,,,,,,,,,,,,,,
,,,,,,,,,,,,235,,,,,,,,,,,,,,,,,,,,
,,,,,,,,,,,,"4,164",,,,,,,,,,,,,,,,,,,,
,,,,,,,,,,,,"1,017",,,,,,,,,,,,,,,,,,,,
,,,,,,,,,,,,"2,089",,,,,,,,,,,,,,,,,,,,
,,,,,,,,,,,,"4,731",,,,,,,,,,,,,,,,,,,,
,,,,,,,,,,,,401,,,,,,,,,,,,,,,,,,,,
,,,,,,,,,,,,"1,594",,,,,,,,,,,,,,,,,,,,
,,,,,,,,,,,,173,,,,,,,,,,,,,,,,,,,,
,,,,,,,,,,,,"1,897",,,,,,,,,,,,,,,,,,,,
,,,,,,,,,,,,"9,678",,,,,,,,,,,,,,,,,,,,
,,,,,,,,,,,,"1,023",,,,,,,,,,,,,,,,,,,,
,,,,,,,,,,,,145,,,,,,,,,,,,,,,,,,,,
,,,,,,,,,,,,"3,222",,,,,,,,,,,,,,,,,,,,
,,,,,,,,,,,,"3,671",,,,,,,,,,,,,,,,,,,,
,,,,,,,,,,,,279,,,,,,,,,,,,,,,,,,,,
,,,,,,,,,,,,"2,076",,,,,,,,,,,,,,,,,,,,
,,,,,,,,,,,,167,,,,,,,,,,,,,,,,,,,,
,,,,,,,,,,,,"115,234",,,,,,,,,,,,,,,,,,,,
,,,,,,,,,,,,"1,206",,,,,,,,,,,,,,,,,,,,
,,,,,,,,,,,,292,,,,,,,,,,,,,,,,,,,,
,,,,,,,,,,,,"2,890",,,,,,,,,,,,,,,,,,,,
,,,,,,,,,,,,588,,,,,,,,,,,,,,,,,,,,
,,,,,,,,,,,,"14,433",,,,,,,,,,,,,,,,,,,,
,,,,,,,,,,,,"3,060",,,,,,,,,,,,,,,,,,,,
,,,,,,,,,,,,"1,420",,,,,,,,,,,,,,,,,,,,
,,,,,,,,,,,,483,,,,,,,,,,,,,,,,,,,,
,,,,,,,,,,,,101,,,,,,,,,,,,,,,,,,,,
,,,,,,,,,,,,"8,367",,,,,,,,,,,,,,,,,,,,
,,,,,,,,,,,,"3,024",,,,,,,,,,,,,,,,,,,,
,,,,,,,,,,,,384,,,,,,,,,,,,,,,,,,,,
,,,,,,,,,,,,567,,,,,,,,,,,,,,,,,,,,
,,,,,,,,,,,,"5,136",,,,,,,,,,,,,,,,,,,,
,,,,,,,,,,,,"2,595",,,,,,,,,,,,,,,,,,,,
,,,,,,,,,,,,861,,,,,,,,,,,,,,,,,,,,
,,,,,,,,,,,,"1,140",,,,,,,,,,,,,,,,,,,,
,,,,,,,,,,,,"1,144",,,,,,,,,,,,,,,,,,,,
,,,,,,,,,,,,868,,,,,,,,,,,,,,,,,,,,
,,,,,,,,,,,,472,,,,,,,,,,,,,,,,,,,,
,,,,,,,,,,,,"2,039",,,,,,,,,,,,,,,,,,,,
,,,,,,,,,,,,"2,650",,,,,,,,,,,,,,,,,,,,
,,,,,,,,,,,,"3,665",,,,,,,,,,,,,,,,,,,,
,,,,,,,,,,,,"2,066",,,,,,,,,,,,,,,,,,,,
,,,,,,,,,,,,480,,,,,,,,,,,,,,,,,,,,
,,,,,,,,,,,,"2,252",,,,,,,,,,,,,,,,,,,,
,,,,,,,,,,,,350,,,,,,,,,,,,,,,,,,,,
,,,,,,,,,,,,578,,,,,,,,,,,,,,,,,,,,
,,,,,,,,,,,,"1,306",,,,,,,,,,,,,,,,,,,,
,,,,,,,,,,,,891,,,,,,,,,,,,,,,,,,,,
,,,,,,,,,,,,"3,273",,,,,,,,,,,,,,,,,,,,
,,,,,,,,,,,,732,,,,,,,,,,,,,,,,,,,,
,,,,,,,,,,,,"5,751",,,,,,,,,,,,,,,,,,,,
,,,,,,,,,,,,"3,608",,,,,,,,,,,,,,,,,,,,
,,,,,,,,,,,,235,,,,,,,,,,,,,,,,,,,,
,,,,,,,,,,,,"4,164",,,,,,,,,,,,,,,,,,,,
,,,,,,,,,,,,"1,017",,,,,,,,,,,,,,,,,,,,
,,,,,,,,,,,,"2,089",,,,,,,,,,,,,,,,,,,,
,,,,,,,,,,,,"4,731",,,,,,,,,,,,,,,,,,,,
,,,,,,,,,,,,401,,,,,,,,,,,,,,,,,,,,
,,,,,,,,,,,,"1,594",,,,,,,,,,,,,,,,,,,,
,,,,,,,,,,,,173,,,,,,,,,,,,,,,,,,,,
,,,,,,,,,,,,"1,897",,,,,,,,,,,,,,,,,,,,
,,,,,,,,,,,,"9,678",,,,,,,,,,,,,,,,,,,,
,,,,,,,,,,,,"1,023",,,,,,,,,,,,,,,,,,,,
,,,,,,,,,,,,145,,,,,,,,,,,,,,,,,,,,
,,,,,,,,,,,,"3,222",,,,,,,,,,,,,,,,,,,,
,,,,,,,,,,,,"3,671",,,,,,,,,,,,,,,,,,,,
,,,,,,,,,,,,279,,,,,,,,,,,,,,,,,,,,
,,,,,,,,,,,,"2,076",,,,,,,,,,,,,,,,,,,,
,,,,,,,,,,,,167,,,,,,,,,,,,,,,,,,,,
,,,,,,,,,,,,Employment,,,,,,,,,,,,,,,,,,,,
,,,,,,,,,,,,"115,234",,,,,,,,,,,,,,,,,,,,
,,,,,,,,,,,,"1,206",,,,,,,,,,,,,,,,,,,,
,,,,,,,,,,,,292,,,,,,,,,,,,,,,,,,,,
,,,,,,,,,,,,"2,890",,,,,,,,,,,,,,,,,,,,
,,,,,,,,,,,,588,,,,,,,,,,,,,,,,,,,,
,,,,,,,,,,,,"14,433",,,,,,,,,,,,,,,,,,,,
,,,,,,,,,,,,"3,060",,,,,,,,,,,,,,,,,,,,
,,,,,,,,,,,,"1,420",,,,,,,,,,,,,,,,,,,,
,,,,,,,,,,,,483,,,,,,,,,,,,,,,,,,,,
,,,,,,,,,,,,101,,,,,,,,,,,,,,,,,,,,
,,,,,,,,,,,,"8,367",,,,,,,,,,,,,,,,,,,,
,,,,,,,,,,,,"3,024",,,,,,,,,,,,,,,,,,,,
,,,,,,,,,,,,384,,,,,,,,,,,,,,,,,,,,
,,,,,,,,,,,,567,,,,,,,,,,,,,,,,,,,,
,,,,,,,,,,,,"5,136",,,,,,,,,,,,,,,,,,,,
,,,,,,,,,,,,"2,595",,,,,,,,,,,,,,,,,,,,
,,,,,,,,,,,,861,,,,,,,,,,,,,,,,,,,,
,,,,,,,,,,,,"1,140",,,,,,,,,,,,,,,,,,,,
,,,,,,,,,,,,"1,144",,,,,,,,,,,,,,,,,,,,
,,,,,,,,,,,,868,,,,,,,,,,,,,,,,,,,,
,,,,,,,,,,,,472,,,,,,,,,,,,,,,,,,,,
,,,,,,,,,,,,"2,039",,,,,,,,,,,,,,,,,,,,
,,,,,,,,,,,,"2,650",,,,,,,,,,,,,,,,,,,,
,,,,,,,,,,,,"3,665",,,,,,,,,,,,,,,,,,,,
,,,,,,,,,,,,"2,066",,,,,,,,,,,,,,,,,,,,
,,,,,,,,,,,,480,,,,,,,,,,,,,,,,,,,,
,,,,,,,,,,,,"2,252",,,,,,,,,,,,,,,,,,,,
,,,,,,,,,,,,350,,,,,,,,,,,,,,,,,,,,
,,,,,,,,,,,,578,,,,,,,,,,,,,,,,,,,,
,,,,,,,,,,,,"1,306",,,,,,,,,,,,,,,,,,,,
,,,,,,,,,,,,891,,,,,,,,,,,,,,,,,,,,
,,,,,,,,,,,,"3,273",,,,,,,,,,,,,,,,,,,,
,,,,,,,,,,,,732,,,,,,,,,,,,,,,,,,,,
,,,,,,,,,,,,"5,751",,,,,,,,,,,,,,,,,,,,
,,,,,,,,,,,,"3,608",,,,,,,,,,,,,,,,,,,,
,,,,,,,,,,,,235,,,,,,,,,,,,,,,,,,,,
,,,,,,,,,,,,"4,164",,,,,,,,,,,,,,,,,,,,
,,,,,,,,,,,,"1,017",,,,,,,,,,,,,,,,,,,,
,,,,,,,,,,,,"2,089",,,,,,,,,,,,,,,,,,,,
,,,,,,,,,,,,"4,731",,,,,,,,,,,,,,,,,,,,
,,,,,,,,,,,,401,,,,,,,,,,,,,,,,,,,,
,,,,,,,,,,,,"1,594",,,,,,,,,,,,,,,,,,,,
,,,,,,,,,,,,173,,,,,,,,,,,,,,,,,,,,
,,,,,,,,,,,,"1,897",,,,,,,,,,,,,,,,,,,,
,,,,,,,,,,,,"9,678",,,,,,,,,,,,,,,,,,,,
,,,,,,,,,,,,"1,023",,,,,,,,,,,,,,,,,,,,
,,,,,,,,,,,,145,,,,,,,,,,,,,,,,,,,,
,,,,,,,,,,,,"3,222",,,,,,,,,,,,,,,,,,,,
,,,,,,,,,,,,"3,671",,,,,,,,,,,,,,,,,,,,
,,,,,,,,,,,,279,,,,,,,,,,,,,,,,,,,,
,,,,,,,,,,,,"2,076",,,,,,,,,,,,,,,,,,,,
,,,,,,,,,,,,167,,,,,,,,,,,,,,,,,,,,
,,,,,,,,,,,,"115,234",,,,,,,,,,,,,,,,,,,,
,,,,,,,,,,,,"1,206",,,,,,,,,,,,,,,,,,,,
,,,,,,,,,,,,292,,,,,,,,,,,,,,,,,,,,
,,,,,,,,,,,,"2,890",,,,,,,,,,,,,,,,,,,,
,,,,,,,,,,,,588,,,,,,,,,,,,,,,,,,,,
,,,,,,,,,,,,"14,433",,,,,,,,,,,,,,,,,,,,
,,,,,,,,,,,,"3,060",,,,,,,,,,,,,,,,,,,,
,,,,,,,,,,,,"1,420",,,,,,,,,,,,,,,,,,,,
,,,,,,,,,,,,483,,,,,,,,,,,,,,,,,,,,
,,,,,,,,,,,,101,,,,,,,,,,,,,,,,,,,,
,,,,,,,,,,,,"8,367",,,,,,,,,,,,,,,,,,,,
,,,,,,,,,,,,"3,024",,,,,,,,,,,,,,,,,,,,
,,,,,,,,,,,,384,,,,,,,,,,,,,,,,,,,,
,,,,,,,,,,,,567,,,,,,,,,,,,,,,,,,,,
,,,,,,,,,,,,"5,136",,,,,,,,,,,,,,,,,,,,
,,,,,,,,,,,,"2,595",,,,,,,,,,,,,,,,,,,,
,,,,,,,,,,,,861,,,,,,,,,,,,,,,,,,,,
,,,,,,,,,,,,"1,140",,,,,,,,,,,,,,,,,,,,
,,,,,,,,,,,,"1,144",,,,,,,,,,,,,,,,,,,,
,,,,,,,,,,,,868,,,,,,,,,,,,,,,,,,,,
,,,,,,,,,,,,472,,,,,,,,,,,,,,,,,,,,
,,,,,,,,,,,,"2,039",,,,,,,,,,,,,,,,,,,,
,,,,,,,,,,,,"2,650",,,,,,,,,,,,,,,,,,,,
,,,,,,,,,,,,"3,665",,,,,,,,,,,,,,,,,,,,
,,,,,,,,,,,,"2,066",,,,,,,,,,,,,,,,,,,,
,,,,,,,,,,,,480,,,,,,,,,,,,,,,,,,,,
,,,,,,,,,,,,"2,252",,,,,,,,,,,,,,,,,,,,
,,,,,,,,,,,,350,,,,,,,,,,,,,,,,,,,,
,,,,,,,,,,,,578,,,,,,,,,,,,,,,,,,,,
,,,,,,,,,,,,"1,306",,,,,,,,,,,,,,,,,,,,
,,,,,,,,,,,,891,,,,,,,,,,,,,,,,,,,,
,,,,,,,,,,,,"3,273",,,,,,,,,,,,,,,,,,,,
,,,,,,,,,,,,732,,,,,,,,,,,,,,,,,,,,
,,,,,,,,,,,,"5,751",,,,,,,,,,,,,,,,,,,,
,,,,,,,,,,,,"3,608",,,,,,,,,,,,,,,,,,,,
,,,,,,,,,,,,235,,,,,,,,,,,,,,,,,,,,
,,,,,,,,,,,,"4,164",,,,,,,,,,,,,,,,,,,,
,,,,,,,,,,,,"1,017",,,,,,,,,,,,,,,,,,,,
,,,,,,,,,,,,"2,089",,,,,,,,,,,,,,,,,,,,
,,,,,,,,,,,,"4,731",,,,,,,,,,,,,,,,,,,,
,,,,,,,,,,,,401,,,,,,,,,,,,,,,,,,,,
,,,,,,,,,,,,"1,594",,,,,,,,,,,,,,,,,,,,
,,,,,,,,,,,,173,,,,,,,,,,,,,,,,,,,,
,,,,,,,,,,,,"1,897",,,,,,,,,,,,,,,,,,,,
,,,,,,,,,,,,"9,678",,,,,,,,,,,,,,,,,,,,
,,,,,,,,,,,,"1,023",,,,,,,,,,,,,,,,,,,,
,,,,,,,,,,,,145,,,,,,,,,,,,,,,,,,,,
,,,,,,,,,,,,"3,222",,,,,,,,,,,,,,,,,,,,
,,,,,,,,,,,,"3,671",,,,,,,,,,,,,,,,,,,,
,,,,,,,,,,,,279,,,,,,,,,,,,,,,,,,,,
,,,,,,,,,,,,"2,076",,,,,,,,,,,,,,,,,,,,
,,,,,,,,,,,,167,,,,,,,,,,,,,,,,,,,,
,,,,,,,,,,,,Employment,,,,,,,,,,,,,,,,,,,,
,,,,,,,,,,,,"115,234",,,,,,,,,,,,,,,,,,,,
,,,,,,,,,,,,"1,206",,,,,,,,,,,,,,,,,,,,
,,,,,,,,,,,,292,,,,,,,,,,,,,,,,,,,,
,,,,,,,,,,,,"2,890",,,,,,,,,,,,,,,,,,,,
,,,,,,,,,,,,588,,,,,,,,,,,,,,,,,,,,
,,,,,,,,,,,,"14,433",,,,,,,,,,,,,,,,,,,,
,,,,,,,,,,,,"3,060",,,,,,,,,,,,,,,,,,,,
,,,,,,,,,,,,"1,420",,,,,,,,,,,,,,,,,,,,
,,,,,,,,,,,,483,,,,,,,,,,,,,,,,,,,,
,,,,,,,,,,,,101,,,,,,,,,,,,,,,,,,,,
,,,,,,,,,,,,"8,367",,,,,,,,,,,,,,,,,,,,
,,,,,,,,,,,,"3,024",,,,,,,,,,,,,,,,,,,,
,,,,,,,,,,,,384,,,,,,,,,,,,,,,,,,,,
,,,,,,,,,,,,567,,,,,,,,,,,,,,,,,,,,
,,,,,,,,,,,,"5,136",,,,,,,,,,,,,,,,,,,,
,,,,,,,,,,,,"2,595",,,,,,,,,,,,,,,,,,,,
,,,,,,,,,,,,861,,,,,,,,,,,,,,,,,,,,
,,,,,,,,,,,,"1,140",,,,,,,,,,,,,,,,,,,,
,,,,,,,,,,,,"1,144",,,,,,,,,,,,,,,,,,,,
,,,,,,,,,,,,868,,,,,,,,,,,,,,,,,,,,
,,,,,,,,,,,,472,,,,,,,,,,,,,,,,,,,,
,,,,,,,,,,,,"2,039",,,,,,,,,,,,,,,,,,,,
,,,,,,,,,,,,"2,650",,,,,,,,,,,,,,,,,,,,
,,,,,,,,,,,,"3,665",,,,,,,,,,,,,,,,,,,,
,,,,,,,,,,,,"2,066",,,,,,,,,,,,,,,,,,,,
,,,,,,,,,,,,480,,,,,,,,,,,,,,,,,,,,
,,,,,,,,,,,,"2,252",,,,,,,,,,,,,,,,,,,,
,,,,,,,,,,,,350,,,,,,,,,,,,,,,,,,,,
,,,,,,,,,,,,578,,,,,,,,,,,,,,,,,,,,
,,,,,,,,,,,,"1,306",,,,,,,,,,,,,,,,,,,,
,,,,,,,,,,,,891,,,,,,,,,,,,,,,,,,,,
,,,,,,,,,,,,"3,273",,,,,,,,,,,,,,,,,,,,
,,,,,,,,,,,,732,,,,,,,,,,,,,,,,,,,,
,,,,,,,,,,,,"5,751",,,,,,,,,,,,,,,,,,,,
,,,,,,,,,,,,"3,608",,,,,,,,,,,,,,,,,,,,
,,,,,,,,,,,,235,,,,,,,,,,,,,,,,,,,,
,,,,,,,,,,,,"4,164",,,,,,,,,,,,,,,,,,,,
,,,,,,,,,,,,"1,017",,,,,,,,,,,,,,,,,,,,
,,,,,,,,,,,,"2,089",,,,,,,,,,,,,,,,,,,,
,,,,,,,,,,,,"4,731",,,,,,,,,,,,,,,,,,,,
,,,,,,,,,,,,401,,,,,,,,,,,,,,,,,,,,
,,,,,,,,,,,,"1,594",,,,,,,,,,,,,,,,,,,,
,,,,,,,,,,,,173,,,,,,,,,,,,,,,,,,,,
,,,,,,,,,,,,"1,897",,,,,,,,,,,,,,,,,,,,
,,,,,,,,,,,,"9,678",,,,,,,,,,,,,,,,,,,,
,,,,,,,,,,,,"1,023",,,,,,,,,,,,,,,,,,,,
,,,,,,,,,,,,145,,,,,,,,,,,,,,,,,,,,
,,,,,,,,,,,,"3,222",,,,,,,,,,,,,,,,,,,,
,,,,,,,,,,,,"3,671",,,,,,,,,,,,,,,,,,,,
,,,,,,,,,,,,279,,,,,,,,,,,,,,,,,,,,
,,,,,,,,,,,,"2,076",,,,,,,,,,,,,,,,,,,,
,,,,,,,,,,,,167,,,,,,,,,,,,,,,,,,,,
,,,,,,,,,,,,"115,234",,,,,,,,,,,,,,,,,,,,
,,,,,,,,,,,,"1,206",,,,,,,,,,,,,,,,,,,,
,,,,,,,,,,,,292,,,,,,,,,,,,,,,,,,,,
,,,,,,,,,,,,"2,890",,,,,,,,,,,,,,,,,,,,
,,,,,,,,,,,,588,,,,,,,,,,,,,,,,,,,,
,,,,,,,,,,,,"14,433",,,,,,,,,,,,,,,,,,,,
,,,,,,,,,,,,"3,060",,,,,,,,,,,,,,,,,,,,
,,,,,,,,,,,,"1,420",,,,,,,,,,,,,,,,,,,,
,,,,,,,,,,,,483,,,,,,,,,,,,,,,,,,,,
,,,,,,,,,,,,101,,,,,,,,,,,,,,,,,,,,
,,,,,,,,,,,,"8,367",,,,,,,,,,,,,,,,,,,,
,,,,,,,,,,,,"3,024",,,,,,,,,,,,,,,,,,,,
,,,,,,,,,,,,384,,,,,,,,,,,,,,,,,,,,
,,,,,,,,,,,,567,,,,,,,,,,,,,,,,,,,,
,,,,,,,,,,,,"5,136",,,,,,,,,,,,,,,,,,,,
,,,,,,,,,,,,"2,595",,,,,,,,,,,,,,,,,,,,
,,,,,,,,,,,,861,,,,,,,,,,,,,,,,,,,,
,,,,,,,,,,,,"1,140",,,,,,,,,,,,,,,,,,,,
,,,,,,,,,,,,"1,144",,,,,,,,,,,,,,,,,,,,
,,,,,,,,,,,,868,,,,,,,,,,,,,,,,,,,,
,,,,,,,,,,,,472,,,,,,,,,,,,,,,,,,,,
,,,,,,,,,,,,"2,039",,,,,,,,,,,,,,,,,,,,
,,,,,,,,,,,,"2,650",,,,,,,,,,,,,,,,,,,,
,,,,,,,,,,,,"3,665",,,,,,,,,,,,,,,,,,,,
,,,,,,,,,,,,"2,066",,,,,,,,,,,,,,,,,,,,
,,,,,,,,,,,,480,,,,,,,,,,,,,,,,,,,,
,,,,,,,,,,,,"2,252",,,,,,,,,,,,,,,,,,,,
,,,,,,,,,,,,350,,,,,,,,,,,,,,,,,,,,
,,,,,,,,,,,,578,,,,,,,,,,,,,,,,,,,,
,,,,,,,,,,,,"1,306",,,,,,,,,,,,,,,,,,,,
,,,,,,,,,,,,891,,,,,,,,,,,,,,,,,,,,
,,,,,,,,,,,,"3,273",,,,,,,,,,,,,,,,,,,,
,,,,,,,,,,,,732,,,,,,,,,,,,,,,,,,,,
,,,,,,,,,,,,"5,751",,,,,,,,,,,,,,,,,,,,
,,,,,,,,,,,,"3,608",,,,,,,,,,,,,,,,,,,,
,,,,,,,,,,,,235,,,,,,,,,,,,,,,,,,,,
,,,,,,,,,,,,"4,164",,,,,,,,,,,,,,,,,,,,
,,,,,,,,,,,,"1,017",,,,,,,,,,,,,,,,,,,,
,,,,,,,,,,,,"2,089",,,,,,,,,,,,,,,,,,,,
,,,,,,,,,,,,"4,731",,,,,,,,,,,,,,,,,,,,
,,,,,,,,,,,,401,,,,,,,,,,,,,,,,,,,,
,,,,,,,,,,,,"1,594",,,,,,,,,,,,,,,,,,,,
,,,,,,,,,,,,173,,,,,,,,,,,,,,,,,,,,
,,,,,,,,,,,,"1,897",,,,,,,,,,,,,,,,,,,,
,,,,,,,,,,,,"9,678",,,,,,,,,,,,,,,,,,,,
,,,,,,,,,,,,"1,023",,,,,,,,,,,,,,,,,,,,
,,,,,,,,,,,,145,,,,,,,,,,,,,,,,,,,,
,,,,,,,,,,,,"3,222",,,,,,,,,,,,,,,,,,,,
,,,,,,,,,,,,"3,671",,,,,,,,,,,,,,,,,,,,
,,,,,,,,,,,,279,,,,,,,,,,,,,,,,,,,,
,,,,,,,,,,,,"2,076",,,,,,,,,,,,,,,,,,,,
,,,,,,,,,,,,167,,,,,,,,,,,,,,,,,,,,
,,,,,,,,,,,,Employment,,,,,,,,,,,,,,,,,,,,
,,,,,,,,,,,,"115,234",,,,,,,,,,,,,,,,,,,,
,,,,,,,,,,,,"1,206",,,,,,,,,,,,,,,,,,,,
,,,,,,,,,,,,292,,,,,,,,,,,,,,,,,,,,
,,,,,,,,,,,,"2,890",,,,,,,,,,,,,,,,,,,,
,,,,,,,,,,,,588,,,,,,,,,,,,,,,,,,,,
,,,,,,,,,,,,"14,433",,,,,,,,,,,,,,,,,,,,
,,,,,,,,,,,,"3,060",,,,,,,,,,,,,,,,,,,,
,,,,,,,,,,,,"1,420",,,,,,,,,,,,,,,,,,,,
,,,,,,,,,,,,483,,,,,,,,,,,,,,,,,,,,
,,,,,,,,,,,,101,,,,,,,,,,,,,,,,,,,,
,,,,,,,,,,,,"8,367",,,,,,,,,,,,,,,,,,,,
,,,,,,,,,,,,"3,024",,,,,,,,,,,,,,,,,,,,
,,,,,,,,,,,,384,,,,,,,,,,,,,,,,,,,,
,,,,,,,,,,,,567,,,,,,,,,,,,,,,,,,,,
,,,,,,,,,,,,"5,136",,,,,,,,,,,,,,,,,,,,
,,,,,,,,,,,,"2,595",,,,,,,,,,,,,,,,,,,,
,,,,,,,,,,,,861,,,,,,,,,,,,,,,,,,,,
,,,,,,,,,,,,"1,140",,,,,,,,,,,,,,,,,,,,
,,,,,,,,,,,,"1,144",,,,,,,,,,,,,,,,,,,,
,,,,,,,,,,,,868,,,,,,,,,,,,,,,,,,,,
,,,,,,,,,,,,472,,,,,,,,,,,,,,,,,,,,
,,,,,,,,,,,,"2,039",,,,,,,,,,,,,,,,,,,,
,,,,,,,,,,,,"2,650",,,,,,,,,,,,,,,,,,,,
,,,,,,,,,,,,"3,665",,,,,,,,,,,,,,,,,,,,
,,,,,,,,,,,,"2,066",,,,,,,,,,,,,,,,,,,,
,,,,,,,,,,,,480,,,,,,,,,,,,,,,,,,,,
,,,,,,,,,,,,"2,252",,,,,,,,,,,,,,,,,,,,
,,,,,,,,,,,,350,,,,,,,,,,,,,,,,,,,,
,,,,,,,,,,,,578,,,,,,,,,,,,,,,,,,,,
,,,,,,,,,,,,"1,306",,,,,,,,,,,,,,,,,,,,
,,,,,,,,,,,,891,,,,,,,,,,,,,,,,,,,,
,,,,,,,,,,,,"3,273",,,,,,,,,,,,,,,,,,,,
,,,,,,,,,,,,732,,,,,,,,,,,,,,,,,,,,
,,,,,,,,,,,,"5,751",,,,,,,,,,,,,,,,,,,,
,,,,,,,,,,,,"3,608",,,,,,,,,,,,,,,,,,,,
,,,,,,,,,,,,235,,,,,,,,,,,,,,,,,,,,
,,,,,,,,,,,,"4,164",,,,,,,,,,,,,,,,,,,,
,,,,,,,,,,,,"1,017",,,,,,,,,,,,,,,,,,,,
,,,,,,,,,,,,"2,089",,,,,,,,,,,,,,,,,,,,
,,,,,,,,,,,,"4,731",,,,,,,,,,,,,,,,,,,,
,,,,,,,,,,,,401,,,,,,,,,,,,,,,,,,,,
,,,,,,,,,,,,"1,594",,,,,,,,,,,,,,,,,,,,
,,,,,,,,,,,,173,,,,,,,,,,,,,,,,,,,,
,,,,,,,,,,,,"1,897",,,,,,,,,,,,,,,,,,,,
,,,,,,,,,,,,"9,678",,,,,,,,,,,,,,,,,,,,
,,,,,,,,,,,,"1,023",,,,,,,,,,,,,,,,,,,,
,,,,,,,,,,,,145,,,,,,,,,,,,,,,,,,,,
,,,,,,,,,,,,"3,222",,,,,,,,,,,,,,,,,,,,
,,,,,,,,,,,,"3,671",,,,,,,,,,,,,,,,,,,,
,,,,,,,,,,,,279,,,,,,,,,,,,,,,,,,,,
,,,,,,,,,,,,"2,076",,,,,,,,,,,,,,,,,,,,
,,,,,,,,,,,,167,,,,,,,,,,,,,,,,,,,,
,,,,,,,,,,,,"115,234",,,,,,,,,,,,,,,,,,,,
,,,,,,,,,,,,"1,206",,,,,,,,,,,,,,,,,,,,
,,,,,,,,,,,,292,,,,,,,,,,,,,,,,,,,,
,,,,,,,,,,,,"2,890",,,,,,,,,,,,,,,,,,,,
,,,,,,,,,,,,588,,,,,,,,,,,,,,,,,,,,
,,,,,,,,,,,,"14,433",,,,,,,,,,,,,,,,,,,,
,,,,,,,,,,,,"3,060",,,,,,,,,,,,,,,,,,,,
,,,,,,,,,,,,"1,420",,,,,,,,,,,,,,,,,,,,
,,,,,,,,,,,,483,,,,,,,,,,,,,,,,,,,,
,,,,,,,,,,,,101,,,,,,,,,,,,,,,,,,,,
,,,,,,,,,,,,"8,367",,,,,,,,,,,,,,,,,,,,
,,,,,,,,,,,,"3,024",,,,,,,,,,,,,,,,,,,,
,,,,,,,,,,,,384,,,,,,,,,,,,,,,,,,,,
,,,,,,,,,,,,567,,,,,,,,,,,,,,,,,,,,
,,,,,,,,,,,,"5,136",,,,,,,,,,,,,,,,,,,,
,,,,,,,,,,,,"2,595",,,,,,,,,,,,,,,,,,,,
,,,,,,,,,,,,861,,,,,,,,,,,,,,,,,,,,
,,,,,,,,,,,,"1,140",,,,,,,,,,,,,,,,,,,,
,,,,,,,,,,,,"1,144",,,,,,,,,,,,,,,,,,,,
,,,,,,,,,,,,868,,,,,,,,,,,,,,,,,,,,
,,,,,,,,,,,,472,,,,,,,,,,,,,,,,,,,,
,,,,,,,,,,,,"2,039",,,,,,,,,,,,,,,,,,,,
,,,,,,,,,,,,"2,650",,,,,,,,,,,,,,,,,,,,
,,,,,,,,,,,,"3,665",,,,,,,,,,,,,,,,,,,,
,,,,,,,,,,,,"2,066",,,,,,,,,,,,,,,,,,,,
,,,,,,,,,,,,480,,,,,,,,,,,,,,,,,,,,
,,,,,,,,,,,,"2,252",,,,,,,,,,,,,,,,,,,,
,,,,,,,,,,,,350,,,,,,,,,,,,,,,,,,,,
,,,,,,,,,,,,578,,,,,,,,,,,,,,,,,,,,
,,,,,,,,,,,,"1,306",,,,,,,,,,,,,,,,,,,,
,,,,,,,,,,,,891,,,,,,,,,,,,,,,,,,,,
,,,,,,,,,,,,"3,273",,,,,,,,,,,,,,,,,,,,
,,,,,,,,,,,,732,,,,,,,,,,,,,,,,,,,,
,,,,,,,,,,,,"5,751",,,,,,,,,,,,,,,,,,,,
,,,,,,,,,,,,"3,608",,,,,,,,,,,,,,,,,,,,
,,,,,,,,,,,,235,,,,,,,,,,,,,,,,,,,,
,,,,,,,,,,,,"4,164",,,,,,,,,,,,,,,,,,,,
,,,,,,,,,,,,"1,017",,,,,,,,,,,,,,,,,,,,
,,,,,,,,,,,,"2,089",,,,,,,,,,,,,,,,,,,,
,,,,,,,,,,,,"4,731",,,,,,,,,,,,,,,,,,,,
,,,,,,,,,,,,401,,,,,,,,,,,,,,,,,,,,
,,,,,,,,,,,,"1,594",,,,,,,,,,,,,,,,,,,,
,,,,,,,,,,,,173,,,,,,,,,,,,,,,,,,,,
,,,,,,,,,,,,"1,897",,,,,,,,,,,,,,,,,,,,
,,,,,,,,,,,,"9,678",,,,,,,,,,,,,,,,,,,,
,,,,,,,,,,,,"1,023",,,,,,,,,,,,,,,,,,,,
,,,,,,,,,,,,145,,,,,,,,,,,,,,,,,,,,
,,,,,,,,,,,,"3,222",,,,,,,,,,,,,,,,,,,,
,,,,,,,,,,,,"3,671",,,,,,,,,,,,,,,,,,,,
,,,,,,,,,,,,279,,,,,,,,,,,,,,,,,,,,
,,,,,,,,,,,,"2,076",,,,,,,,,,,,,,,,,,,,
,,,,,,,,,,,,167,,,,,,,,,,,,,,,,,,,,
,,,,,,,,,,,,Employment,,,,,,,,,,,,,,,,,,,,
,,,,,,,,,,,,"115,234",,,,,,,,,,,,,,,,,,,,
,,,,,,,,,,,,"1,206",,,,,,,,,,,,,,,,,,,,
,,,,,,,,,,,,292,,,,,,,,,,,,,,,,,,,,
,,,,,,,,,,,,"2,890",,,,,,,,,,,,,,,,,,,,
,,,,,,,,,,,,588,,,,,,,,,,,,,,,,,,,,
,,,,,,,,,,,,"14,433",,,,,,,,,,,,,,,,,,,,
,,,,,,,,,,,,"3,060",,,,,,,,,,,,,,,,,,,,
,,,,,,,,,,,,"1,420",,,,,,,,,,,,,,,,,,,,
,,,,,,,,,,,,483,,,,,,,,,,,,,,,,,,,,
,,,,,,,,,,,,101,,,,,,,,,,,,,,,,,,,,
,,,,,,,,,,,,"8,367",,,,,,,,,,,,,,,,,,,,
,,,,,,,,,,,,"3,024",,,,,,,,,,,,,,,,,,,,
,,,,,,,,,,,,384,,,,,,,,,,,,,,,,,,,,
,,,,,,,,,,,,567,,,,,,,,,,,,,,,,,,,,
,,,,,,,,,,,,"5,136",,,,,,,,,,,,,,,,,,,,
,,,,,,,,,,,,"2,595",,,,,,,,,,,,,,,,,,,,
,,,,,,,,,,,,861,,,,,,,,,,,,,,,,,,,,
,,,,,,,,,,,,"1,140",,,,,,,,,,,,,,,,,,,,
,,,,,,,,,,,,"1,144",,,,,,,,,,,,,,,,,,,,
,,,,,,,,,,,,868,,,,,,,,,,,,,,,,,,,,
,,,,,,,,,,,,472,,,,,,,,,,,,,,,,,,,,
,,,,,,,,,,,,"2,039",,,,,,,,,,,,,,,,,,,,
,,,,,,,,,,,,"2,650",,,,,,,,,,,,,,,,,,,,
,,,,,,,,,,,,"3,665",,,,,,,,,,,,,,,,,,,,
,,,,,,,,,,,,"2,066",,,,,,,,,,,,,,,,,,,,
,,,,,,,,,,,,480,,,,,,,,,,,,,,,,,,,,
,,,,,,,,,,,,"2,252",,,,,,,,,,,,,,,,,,,,
,,,,,,,,,,,,350,,,,,,,,,,,,,,,,,,,,
,,,,,,,,,,,,578,,,,,,,,,,,,,,,,,,,,
,,,,,,,,,,,,"1,306",,,,,,,,,,,,,,,,,,,,
,,,,,,,,,,,,891,,,,,,,,,,,,,,,,,,,,
,,,,,,,,,,,,"3,273",,,,,,,,,,,,,,,,,,,,
,,,,,,,,,,,,732,,,,,,,,,,,,,,,,,,,,
,,,,,,,,,,,,"5,751",,,,,,,,,,,,,,,,,,,,
,,,,,,,,,,,,"3,608",,,,,,,,,,,,,,,,,,,,
,,,,,,,,,,,,235,,,,,,,,,,,,,,,,,,,,
,,,,,,,,,,,,"4,164",,,,,,,,,,,,,,,,,,,,
,,,,,,,,,,,,"1,017",,,,,,,,,,,,,,,,,,,,
,,,,,,,,,,,,"2,089",,,,,,,,,,,,,,,,,,,,
,,,,,,,,,,,,"4,731",,,,,,,,,,,,,,,,,,,,
,,,,,,,,,,,,401,,,,,,,,,,,,,,,,,,,,
,,,,,,,,,,,,"1,594",,,,,,,,,,,,,,,,,,,,
,,,,,,,,,,,,173,,,,,,,,,,,,,,,,,,,,
,,,,,,,,,,,,"1,897",,,,,,,,,,,,,,,,,,,,
,,,,,,,,,,,,"9,678",,,,,,,,,,,,,,,,,,,,
,,,,,,,,,,,,"1,023",,,,,,,,,,,,,,,,,,,,
,,,,,,,,,,,,145,,,,,,,,,,,,,,,,,,,,
,,,,,,,,,,,,"3,222",,,,,,,,,,,,,,,,,,,,
,,,,,,,,,,,,"3,671",,,,,,,,,,,,,,,,,,,,
,,,,,,,,,,,,279,,,,,,,,,,,,,,,,,,,,
,,,,,,,,,,,,"2,076",,,,,,,,,,,,,,,,,,,,
,,,,,,,,,,,,167,,,,,,,,,,,,,,,,,,,,
,,,,,,,,,,,,"115,234",,,,,,,,,,,,,,,,,,,,
,,,,,,,,,,,,"1,206",,,,,,,,,,,,,,,,,,,,
,,,,,,,,,,,,292,,,,,,,,,,,,,,,,,,,,
,,,,,,,,,,,,"2,890",,,,,,,,,,,,,,,,,,,,
,,,,,,,,,,,,588,,,,,,,,,,,,,,,,,,,,
,,,,,,,,,,,,"14,433",,,,,,,,,,,,,,,,,,,,
,,,,,,,,,,,,"3,060",,,,,,,,,,,,,,,,,,,,
,,,,,,,,,,,,"1,420",,,,,,,,,,,,,,,,,,,,
,,,,,,,,,,,,483,,,,,,,,,,,,,,,,,,,,
,,,,,,,,,,,,101,,,,,,,,,,,,,,,,,,,,
,,,,,,,,,,,,"8,367",,,,,,,,,,,,,,,,,,,,
,,,,,,,,,,,,"3,024",,,,,,,,,,,,,,,,,,,,
,,,,,,,,,,,,384,,,,,,,,,,,,,,,,,,,,
,,,,,,,,,,,,567,,,,,,,,,,,,,,,,,,,,
,,,,,,,,,,,,"5,136",,,,,,,,,,,,,,,,,,,,
,,,,,,,,,,,,"2,595",,,,,,,,,,,,,,,,,,,,
,,,,,,,,,,,,861,,,,,,,,,,,,,,,,,,,,
,,,,,,,,,,,,"1,140",,,,,,,,,,,,,,,,,,,,
,,,,,,,,,,,,"1,144",,,,,,,,,,,,,,,,,,,,
,,,,,,,,,,,,868,,,,,,,,,,,,,,,,,,,,
,,,,,,,,,,,,472,,,,,,,,,,,,,,,,,,,,
,,,,,,,,,,,,"2,039",,,,,,,,,,,,,,,,,,,,
,,,,,,,,,,,,"2,650",,,,,,,,,,,,,,,,,,,,
,,,,,,,,,,,,"3,665",,,,,,,,,,,,,,,,,,,,
,,,,,,,,,,,,"2,066",,,,,,,,,,,,,,,,,,,,
,,,,,,,,,,,,480,,,,,,,,,,,,,,,,,,,,
,,,,,,,,,,,,"2,252",,,,,,,,,,,,,,,,,,,,
,,,,,,,,,,,,350,,,,,,,,,,,,,,,,,,,,
,,,,,,,,,,,,578,,,,,,,,,,,,,,,,,,,,
,,,,,,,,,,,,"1,306",,,,,,,,,,,,,,,,,,,,
,,,,,,,,,,,,891,,,,,,,,,,,,,,,,,,,,
,,,,,,,,,,,,"3,273",,,,,,,,,,,,,,,,,,,,
,,,,,,,,,,,,732,,,,,,,,,,,,,,,,,,,,
,,,,,,,,,,,,"5,751",,,,,,,,,,,,,,,,,,,,
,,,,,,,,,,,,"3,608",,,,,,,,,,,,,,,,,,,,
,,,,,,,,,,,,235,,,,,,,,,,,,,,,,,,,,
,,,,,,,,,,,,"4,164",,,,,,,,,,,,,,,,,,,,
,,,,,,,,,,,,"1,017",,,,,,,,,,,,,,,,,,,,
,,,,,,,,,,,,"2,089",,,,,,,,,,,,,,,,,,,,
,,,,,,,,,,,,"4,731",,,,,,,,,,,,,,,,,,,,
,,,,,,,,,,,,401,,,,,,,,,,,,,,,,,,,,
,,,,,,,,,,,,"1,594",,,,,,,,,,,,,,,,,,,,
,,,,,,,,,,,,173,,,,,,,,,,,,,,,,,,,,
,,,,,,,,,,,,"1,897",,,,,,,,,,,,,,,,,,,,
,,,,,,,,,,,,"9,678",,,,,,,,,,,,,,,,,,,,
,,,,,,,,,,,,"1,023",,,,,,,,,,,,,,,,,,,,
,,,,,,,,,,,,145,,,,,,,,,,,,,,,,,,,,
,,,,,,,,,,,,"3,222",,,,,,,,,,,,,,,,,,,,
,,,,,,,,,,,,"3,671",,,,,,,,,,,,,,,,,,,,
,,,,,,,,,,,,279,,,,,,,,,,,,,,,,,,,,
,,,,,,,,,,,,"2,076",,,,,,,,,,,,,,,,,,,,
,,,,,,,,,,,,167,,,,,,,,,,,,,,,,,,,,
,,,,,,,,,,,,Employment,,,,,,,,,,,,,,,,,,,,
,,,,,,,,,,,,"115,234",,,,,,,,,,,,,,,,,,,,
,,,,,,,,,,,,"1,206",,,,,,,,,,,,,,,,,,,,
,,,,,,,,,,,,292,,,,,,,,,,,,,,,,,,,,
,,,,,,,,,,,,"2,890",,,,,,,,,,,,,,,,,,,,
,,,,,,,,,,,,588,,,,,,,,,,,,,,,,,,,,
,,,,,,,,,,,,"14,433",,,,,,,,,,,,,,,,,,,,
,,,,,,,,,,,,"3,060",,,,,,,,,,,,,,,,,,,,
,,,,,,,,,,,,"1,420",,,,,,,,,,,,,,,,,,,,
,,,,,,,,,,,,483,,,,,,,,,,,,,,,,,,,,
,,,,,,,,,,,,101,,,,,,,,,,,,,,,,,,,,
,,,,,,,,,,,,"8,367",,,,,,,,,,,,,,,,,,,,
,,,,,,,,,,,,"3,024",,,,,,,,,,,,,,,,,,,,
,,,,,,,,,,,,384,,,,,,,,,,,,,,,,,,,,
,,,,,,,,,,,,567,,,,,,,,,,,,,,,,,,,,
,,,,,,,,,,,,"5,136",,,,,,,,,,,,,,,,,,,,
,,,,,,,,,,,,"2,595",,,,,,,,,,,,,,,,,,,,
,,,,,,,,,,,,861,,,,,,,,,,,,,,,,,,,,
,,,,,,,,,,,,"1,140",,,,,,,,,,,,,,,,,,,,
,,,,,,,,,,,,"1,144",,,,,,,,,,,,,,,,,,,,
,,,,,,,,,,,,868,,,,,,,,,,,,,,,,,,,,
,,,,,,,,,,,,472,,,,,,,,,,,,,,,,,,,,
,,,,,,,,,,,,"2,039",,,,,,,,,,,,,,,,,,,,
,,,,,,,,,,,,"2,650",,,,,,,,,,,,,,,,,,,,
,,,,,,,,,,,,"3,665",,,,,,,,,,,,,,,,,,,,
,,,,,,,,,,,,"2,066",,,,,,,,,,,,,,,,,,,,
,,,,,,,,,,,,480,,,,,,,,,,,,,,,,,,,,
,,,,,,,,,,,,"2,252",,,,,,,,,,,,,,,,,,,,
,,,,,,,,,,,,350,,,,,,,,,,,,,,,,,,,,
,,,,,,,,,,,,578,,,,,,,,,,,,,,,,,,,,
,,,,,,,,,,,,"1,306",,,,,,,,,,,,,,,,,,,,
,,,,,,,,,,,,891,,,,,,,,,,,,,,,,,,,,
,,,,,,,,,,,,"3,273",,,,,,,,,,,,,,,,,,,,
,,,,,,,,,,,,732,,,,,,,,,,,,,,,,,,,,
,,,,,,,,,,,,"5,751",,,,,,,,,,,,,,,,,,,,
,,,,,,,,,,,,"3,608",,,,,,,,,,,,,,,,,,,,
,,,,,,,,,,,,235,,,,,,,,,,,,,,,,,,,,
,,,,,,,,,,,,"4,164",,,,,,,,,,,,,,,,,,,,
,,,,,,,,,,,,"1,017",,,,,,,,,,,,,,,,,,,,
,,,,,,,,,,,,"2,089",,,,,,,,,,,,,,,,,,,,
,,,,,,,,,,,,"4,731",,,,,,,,,,,,,,,,,,,,
,,,,,,,,,,,,401,,,,,,,,,,,,,,,,,,,,
,,,,,,,,,,,,"1,594",,,,,,,,,,,,,,,,,,,,
,,,,,,,,,,,,173,,,,,,,,,,,,,,,,,,,,
,,,,,,,,,,,,"1,897",,,,,,,,,,,,,,,,,,,,
,,,,,,,,,,,,"9,678",,,,,,,,,,,,,,,,,,,,
,,,,,,,,,,,,"1,023",,,,,,,,,,,,,,,,,,,,
,,,,,,,,,,,,145,,,,,,,,,,,,,,,,,,,,
,,,,,,,,,,,,"3,222",,,,,,,,,,,,,,,,,,,,
,,,,,,,,,,,,"3,671",,,,,,,,,,,,,,,,,,,,
,,,,,,,,,,,,279,,,,,,,,,,,,,,,,,,,,
,,,,,,,,,,,,"2,076",,,,,,,,,,,,,,,,,,,,
,,,,,,,,,,,,167,,,,,,,,,,,,,,,,,,,,
,,,,,,,,,,,,"115,234",,,,,,,,,,,,,,,,,,,,
,,,,,,,,,,,,"1,206",,,,,,,,,,,,,,,,,,,,
,,,,,,,,,,,,292,,,,,,,,,,,,,,,,,,,,
,,,,,,,,,,,,"2,890",,,,,,,,,,,,,,,,,,,,
,,,,,,,,,,,,588,,,,,,,,,,,,,,,,,,,,
,,,,,,,,,,,,"14,433",,,,,,,,,,,,,,,,,,,,
,,,,,,,,,,,,"3,060",,,,,,,,,,,,,,,,,,,,
,,,,,,,,,,,,"1,420",,,,,,,,,,,,,,,,,,,,
,,,,,,,,,,,,483,,,,,,,,,,,,,,,,,,,,
,,,,,,,,,,,,101,,,,,,,,,,,,,,,,,,,,
,,,,,,,,,,,,"8,367",,,,,,,,,,,,,,,,,,,,
,,,,,,,,,,,,"3,024",,,,,,,,,,,,,,,,,,,,
,,,,,,,,,,,,384,,,,,,,,,,,,,,,,,,,,
,,,,,,,,,,,,567,,,,,,,,,,,,,,,,,,,,
,,,,,,,,,,,,"5,136",,,,,,,,,,,,,,,,,,,,
,,,,,,,,,,,,"2,595",,,,,,,,,,,,,,,,,,,,
,,,,,,,,,,,,861,,,,,,,,,,,,,,,,,,,,
,,,,,,,,,,,,"1,140",,,,,,,,,,,,,,,,,,,,
,,,,,,,,,,,,"1,144",,,,,,,,,,,,,,,,,,,,
,,,,,,,,,,,,868,,,,,,,,,,,,,,,,,,,,
,,,,,,,,,,,,472,,,,,,,,,,,,,,,,,,,,
,,,,,,,,,,,,"2,039",,,,,,,,,,,,,,,,,,,,
,,,,,,,,,,,,"2,650",,,,,,,,,,,,,,,,,,,,
,,,,,,,,,,,,"3,665",,,,,,,,,,,,,,,,,,,,
,,,,,,,,,,,,"2,066",,,,,,,,,,,,,,,,,,,,
,,,,,,,,,,,,480,,,,,,,,,,,,,,,,,,,,
,,,,,,,,,,,,"2,252",,,,,,,,,,,,,,,,,,,,
,,,,,,,,,,,,350,,,,,,,,,,,,,,,,,,,,
,,,,,,,,,,,,578,,,,,,,,,,,,,,,,,,,,
,,,,,,,,,,,,"1,306",,,,,,,,,,,,,,,,,,,,
,,,,,,,,,,,,891,,,,,,,,,,,,,,,,,,,,
,,,,,,,,,,,,"3,273",,,,,,,,,,,,,,,,,,,,
,,,,,,,,,,,,732,,,,,,,,,,,,,,,,,,,,
,,,,,,,,,,,,"5,751",,,,,,,,,,,,,,,,,,,,
,,,,,,,,,,,,"3,608",,,,,,,,,,,,,,,,,,,,
,,,,,,,,,,,,235,,,,,,,,,,,,,,,,,,,,
,,,,,,,,,,,,"4,164",,,,,,,,,,,,,,,,,,,,
,,,,,,,,,,,,"1,017",,,,,,,,,,,,,,,,,,,,
,,,,,,,,,,,,"2,089",,,,,,,,,,,,,,,,,,,,
,,,,,,,,,,,,"4,731",,,,,,,,,,,,,,,,,,,,
,,,,,,,,,,,,401,,,,,,,,,,,,,,,,,,,,
,,,,,,,,,,,,"1,594",,,,,,,,,,,,,,,,,,,,
,,,,,,,,,,,,173,,,,,,,,,,,,,,,,,,,,
,,,,,,,,,,,,"1,897",,,,,,,,,,,,,,,,,,,,
,,,,,,,,,,,,"9,678",,,,,,,,,,,,,,,,,,,,
,,,,,,,,,,,,"1,023",,,,,,,,,,,,,,,,,,,,
,,,,,,,,,,,,145,,,,,,,,,,,,,,,,,,,,
,,,,,,,,,,,,"3,222",,,,,,,,,,,,,,,,,,,,
,,,,,,,,,,,,"3,671",,,,,,,,,,,,,,,,,,,,
,,,,,,,,,,,,279,,,,,,,,,,,,,,,,,,,,
,,,,,,,,,,,,"2,076",,,,,,,,,,,,,,,,,,,,
,,,,,,,,,,,,167,,,,,,,,,,,,,,,,,,,,
,,,,,,,,,,,,Employment,,,,,,,,,,,,,,,,,,,,
,,,,,,,,,,,,"115,234",,,,,,,,,,,,,,,,,,,,
,,,,,,,,,,,,"1,206",,,,,,,,,,,,,,,,,,,,
,,,,,,,,,,,,292,,,,,,,,,,,,,,,,,,,,
,,,,,,,,,,,,"2,890",,,,,,,,,,,,,,,,,,,,
,,,,,,,,,,,,588,,,,,,,,,,,,,,,,,,,,
,,,,,,,,,,,,"14,433",,,,,,,,,,,,,,,,,,,,
,,,,,,,,,,,,"3,060",,,,,,,,,,,,,,,,,,,,
,,,,,,,,,,,,"1,420",,,,,,,,,,,,,,,,,,,,
,,,,,,,,,,,,483,,,,,,,,,,,,,,,,,,,,
,,,,,,,,,,,,101,,,,,,,,,,,,,,,,,,,,
,,,,,,,,,,,,"8,367",,,,,,,,,,,,,,,,,,,,
,,,,,,,,,,,,"3,024",,,,,,,,,,,,,,,,,,,,
,,,,,,,,,,,,384,,,,,,,,,,,,,,,,,,,,
,,,,,,,,,,,,567,,,,,,,,,,,,,,,,,,,,
,,,,,,,,,,,,"5,136",,,,,,,,,,,,,,,,,,,,
,,,,,,,,,,,,"2,595",,,,,,,,,,,,,,,,,,,,
,,,,,,,,,,,,861,,,,,,,,,,,,,,,,,,,,
,,,,,,,,,,,,"1,140",,,,,,,,,,,,,,,,,,,,
,,,,,,,,,,,,"1,144",,,,,,,,,,,,,,,,,,,,
,,,,,,,,,,,,868,,,,,,,,,,,,,,,,,,,,
,,,,,,,,,,,,472,,,,,,,,,,,,,,,,,,,,
,,,,,,,,,,,,"2,039",,,,,,,,,,,,,,,,,,,,
,,,,,,,,,,,,"2,650",,,,,,,,,,,,,,,,,,,,
,,,,,,,,,,,,"3,665",,,,,,,,,,,,,,,,,,,,
,,,,,,,,,,,,"2,066",,,,,,,,,,,,,,,,,,,,
,,,,,,,,,,,,480,,,,,,,,,,,,,,,,,,,,
,,,,,,,,,,,,"2,252",,,,,,,,,,,,,,,,,,,,
,,,,,,,,,,,,350,,,,,,,,,,,,,,,,,,,,
,,,,,,,,,,,,578,,,,,,,,,,,,,,,,,,,,
,,,,,,,,,,,,"1,306",,,,,,,,,,,,,,,,,,,,
,,,,,,,,,,,,891,,,,,,,,,,,,,,,,,,,,
,,,,,,,,,,,,"3,273",,,,,,,,,,,,,,,,,,,,
,,,,,,,,,,,,732,,,,,,,,,,,,,,,,,,,,
,,,,,,,,,,,,"5,751",,,,,,,,,,,,,,,,,,,,
,,,,,,,,,,,,"3,608",,,,,,,,,,,,,,,,,,,,
,,,,,,,,,,,,235,,,,,,,,,,,,,,,,,,,,
,,,,,,,,,,,,"4,164",,,,,,,,,,,,,,,,,,,,
,,,,,,,,,,,,"1,017",,,,,,,,,,,,,,,,,,,,
,,,,,,,,,,,,"2,089",,,,,,,,,,,,,,,,,,,,
,,,,,,,,,,,,"4,731",,,,,,,,,,,,,,,,,,,,
,,,,,,,,,,,,401,,,,,,,,,,,,,,,,,,,,
,,,,,,,,,,,,"1,594",,,,,,,,,,,,,,,,,,,,
,,,,,,,,,,,,173,,,,,,,,,,,,,,,,,,,,
,,,,,,,,,,,,"1,897",,,,,,,,,,,,,,,,,,,,
,,,,,,,,,,,,"9,678",,,,,,,,,,,,,,,,,,,,
,,,,,,,,,,,,"1,023",,,,,,,,,,,,,,,,,,,,
,,,,,,,,,,,,145,,,,,,,,,,,,,,,,,,,,
,,,,,,,,,,,,"3,222",,,,,,,,,,,,,,,,,,,,
,,,,,,,,,,,,"3,671",,,,,,,,,,,,,,,,,,,,
,,,,,,,,,,,,279,,,,,,,,,,,,,,,,,,,,
,,,,,,,,,,,,"2,076",,,,,,,,,,,,,,,,,,,,
,,,,,,,,,,,,167,,,,,,,,,,,,,,,,,,,,
,,,,,,,,,,,,"115,234",,,,,,,,,,,,,,,,,,,,
,,,,,,,,,,,,"1,206",,,,,,,,,,,,,,,,,,,,
,,,,,,,,,,,,292,,,,,,,,,,,,,,,,,,,,
,,,,,,,,,,,,"2,890",,,,,,,,,,,,,,,,,,,,
,,,,,,,,,,,,588,,,,,,,,,,,,,,,,,,,,
,,,,,,,,,,,,"14,433",,,,,,,,,,,,,,,,,,,,
,,,,,,,,,,,,"3,060",,,,,,,,,,,,,,,,,,,,
,,,,,,,,,,,,"1,420",,,,,,,,,,,,,,,,,,,,
,,,,,,,,,,,,483,,,,,,,,,,,,,,,,,,,,
,,,,,,,,,,,,101,,,,,,,,,,,,,,,,,,,,
,,,,,,,,,,,,"8,367",,,,,,,,,,,,,,,,,,,,
,,,,,,,,,,,,"3,024",,,,,,,,,,,,,,,,,,,,
,,,,,,,,,,,,384,,,,,,,,,,,,,,,,,,,,
,,,,,,,,,,,,567,,,,,,,,,,,,,,,,,,,,
,,,,,,,,,,,,"5,136",,,,,,,,,,,,,,,,,,,,
,,,,,,,,,,,,"2,595",,,,,,,,,,,,,,,,,,,,
,,,,,,,,,,,,861,,,,,,,,,,,,,,,,,,,,
,,,,,,,,,,,,"1,140",,,,,,,,,,,,,,,,,,,,
,,,,,,,,,,,,"1,144",,,,,,,,,,,,,,,,,,,,
,,,,,,,,,,,,868,,,,,,,,,,,,,,,,,,,,
,,,,,,,,,,,,472,,,,,,,,,,,,,,,,,,,,
,,,,,,,,,,,,"2,039",,,,,,,,,,,,,,,,,,,,
,,,,,,,,,,,,"2,650",,,,,,,,,,,,,,,,,,,,
,,,,,,,,,,,,"3,665",,,,,,,,,,,,,,,,,,,,
,,,,,,,,,,,,"2,066",,,,,,,,,,,,,,,,,,,,
,,,,,,,,,,,,480,,,,,,,,,,,,,,,,,,,,
,,,,,,,,,,,,"2,252",,,,,,,,,,,,,,,,,,,,
,,,,,,,,,,,,350,,,,,,,,,,,,,,,,,,,,
,,,,,,,,,,,,578,,,,,,,,,,,,,,,,,,,,
,,,,,,,,,,,,"1,306",,,,,,,,,,,,,,,,,,,,
,,,,,,,,,,,,891,,,,,,,,,,,,,,,,,,,,
,,,,,,,,,,,,"3,273",,,,,,,,,,,,,,,,,,,,
,,,,,,,,,,,,732,,,,,,,,,,,,,,,,,,,,
,,,,,,,,,,,,"5,751",,,,,,,,,,,,,,,,,,,,
,,,,,,,,,,,,"3,608",,,,,,,,,,,,,,,,,,,,
,,,,,,,,,,,,235,,,,,,,,,,,,,,,,,,,,
,,,,,,,,,,,,"4,164",,,,,,,,,,,,,,,,,,,,
,,,,,,,,,,,,"1,017",,,,,,,,,,,,,,,,,,,,
,,,,,,,,,,,,"2,089",,,,,,,,,,,,,,,,,,,,
,,,,,,,,,,,,"4,731",,,,,,,,,,,,,,,,,,,,
,,,,,,,,,,,,401,,,,,,,,,,,,,,,,,,,,
,,,,,,,,,,,,"1,594",,,,,,,,,,,,,,,,,,,,
,,,,,,,,,,,,173,,,,,,,,,,,,,,,,,,,,
,,,,,,,,,,,,"1,897",,,,,,,,,,,,,,,,,,,,
,,,,,,,,,,,,"9,678",,,,,,,,,,,,,,,,,,,,
,,,,,,,,,,,,"1,023",,,,,,,,,,,,,,,,,,,,
,,,,,,,,,,,,145,,,,,,,,,,,,,,,,,,,,
,,,,,,,,,,,,"3,222",,,,,,,,,,,,,,,,,,,,
,,,,,,,,,,,,"3,671",,,,,,,,,,,,,,,,,,,,
,,,,,,,,,,,,279,,,,,,,,,,,,,,,,,,,,
,,,,,,,,,,,,"2,076",,,,,,,,,,,,,,,,,,,,
,,,,,,,,,,,,167,,,,,,,,,,,,,,,,,,,,